{
  "feature_names": [
    "k_pct_l5_derived",
    "savant_k_pct",
    "k9_l5",
    "k_pct_vs_l",
    "k_pct_vs_r",
    "pK_split_diff",
    "pK_l5_vs_savant",
    "pK_career_vs_savant",
    "savant_whiff",
    "savant_fbv",
    "whiff_x_fbv",
    "savant_gb_pct",
    "savant_bb_pct",
    "bb9_l5",
    "bb_penalty",
    "early_exit_rate_l5",
    "manager_leash_factor",
    "log_expected_bf",
    "log_ip_proxy",
    "savant_ip",
    "savant_pa",
    "days_rest",
    "w_season",
    "w_career",
    "w_l5",
    "pK_blended_prod",
    "opp_k_pct",
    "adj_factor",
    "raw_adj_factor",
    "park_factor",
    "weather_mult",
    "ump_factor",
    "velo_adj"
  ],
  "imputer_medians": [
    0.2081696779261587,
    0.225,
    8.05616653574234,
    0.208,
    0.208,
    0.0,
    0.021103376342424485,
    -0.183,
    0.24,
    93.0,
    19.9138,
    0.4135,
    0.081,
    2.963414634146341,
    1.0,
    0.4,
    1.0,
    3.1135153092103742,
    3.8642323415917974,
    46.666666666666664,
    202.5,
    6.0,
    0.6,
    0.0,
    0.4,
    0.20842082483012267,
    0.225,
    1.0,
    1.0,
    1.0,
    1.0,
    1.0,
    1.0
  ],
  "scaler_mean": [
    0.2131925431619512,
    0.21666780045351475,
    8.250551420367511,
    0.20949886621315195,
    0.20949886621315195,
    0.0,
    0.06438188556557935,
    -0.14881065759637188,
    0.2423707482993197,
    92.84818594104308,
    15.803555668934239,
    0.4167414965986395,
    0.08231632653061224,
    3.164594685400624,
    1.0,
    0.39400982615268326,
    1.0,
    3.048509556879152,
    2.988495353466982,
    64.08465608465607,
    271.62018140589566,
    12.187074829931973,
    0.4094986142605189,
    0.14732426303854876,
    0.44317712270093224,
    0.2121286480815335,
    0.22500000000000006,
    1.0,
    1.0,
    1.0,
    1.0,
    1.0,
    1.0
  ],
  "scaler_std": [
    0.0719112748419044,
    0.0447117964915539,
    2.7829663363817,
    0.031179869131818676,
    0.031179869131818676,
    1.0,
    0.11015173240919557,
    0.1073853413727611,
    0.03789707036861752,
    1.9542795929269412,
    11.040328560910375,
    0.061378223749100624,
    0.024244239676275255,
    1.7526817487494006,
    1.0,
    0.32377016319163326,
    1.0,
    0.2946357486065834,
    2.070667531639138,
    63.26538813794463,
    264.0577948161002,
    20.018136126599366,
    0.2730628891974987,
    0.1797681127723512,
    0.11259567917864559,
    0.05988161310144085,
    1.0,
    1.0,
    1.0,
    1.0,
    1.0,
    1.0,
    1.0
  ],
  "ridge_coef": [
    0.022935919331907792,
    0.018856261843536448,
    0.022935919331625518,
    -0.0005709374678186148,
    -0.0005709374678228202,
    0.0,
    0.02898036018780087,
    0.014367749469892077,
    -0.013513247531914732,
    -0.0019818979063143958,
    0.038635118565274115,
    0.0006844011855094359,
    0.004004664279783774,
    -0.008763294809936411,
    0.0,
    -0.0052647354081624,
    0.0,
    -3.225165961597017e-05,
    0.023626824998168757,
    0.08496399372381042,
    -0.0931021246500769,
    -9.880714208705956e-05,
    -0.004788143283760672,
    0.007146090088789139,
    0.00020271744673628484,
    0.010654788611097355,
    0.0,
    0.0,
    0.0,
    0.0,
    0.0,
    0.0,
    0.0
  ],
  "ridge_intercept": 0.21541990456366739,
  "cv_r2": 0.9375420957067243,
  "train_rows": 882,
  "trained_at": "2026-04-25T18:41:07.918425",
  "alpha": 1.0,
  "mode": "historical"
}